[
  {
    "text": "Je vais à Lyon pour un séminaire",
    "entities": [],
    "predicted_entities": [
      {
        "entity": "destination",
        "start": 10,
        "end": 14,
        "confidence_entity": 0.9905455112457275,
        "value": "Lyon",
        "extractor": "DIETClassifier",
        "processors": [
          "EntitySynonymMapper"
        ]
      }
    ]
  },
  {
    "text": "Je veux aller de Bordeaux à Bordeaux",
    "entities": [],
    "predicted_entities": [
      {
        "entity": "destination",
        "start": 17,
        "end": 25,
        "confidence_entity": 0.9024189114570618,
        "value": "Bordeaux",
        "extractor": "DIETClassifier",
        "processors": [
          "EntitySynonymMapper"
        ]
      }
    ]
  }
]