{
  "destination": {
    "precision": 0.9968404423380727,
    "recall": 1.0,
    "f1-score": 0.9984177215189874,
    "support": 631,
    "confused_with": {}
  },
  "micro avg": {
    "precision": 0.9968404423380727,
    "recall": 1.0,
    "f1-score": 0.9984177215189874,
    "support": 631
  },
  "macro avg": {
    "precision": 0.9968404423380727,
    "recall": 1.0,
    "f1-score": 0.9984177215189874,
    "support": 631
  },
  "weighted avg": {
    "precision": 0.9968404423380727,
    "recall": 1.0,
    "f1-score": 0.9984177215189876,
    "support": 631
  },
  "accuracy": 0.9995629370629371
}