{
  "not_french": {
    "precision": 1.0,
    "recall": 0.9722222222222222,
    "f1-score": 0.9859154929577464,
    "support": 36,
    "confused_with": {
      "not_trip": 1
    }
  },
  "trip_order": {
    "precision": 1.0,
    "recall": 1.0,
    "f1-score": 1.0,
    "support": 424,
    "confused_with": {}
  },
  "not_trip": {
    "precision": 0.99375,
    "recall": 1.0,
    "f1-score": 0.9968652037617556,
    "support": 159,
    "confused_with": {}
  },
  "accuracy": 0.9983844911147012,
  "macro avg": {
    "precision": 0.9979166666666667,
    "recall": 0.9907407407407408,
    "f1-score": 0.9942602322398341,
    "support": 619
  },
  "weighted avg": {
    "precision": 0.9983945880452343,
    "recall": 0.9983844911147012,
    "f1-score": 0.9983756464371535,
    "support": 619
  },
  "micro avg": {
    "precision": 0.9983844911147012,
    "recall": 0.9983844911147012,
    "f1-score": 0.9983844911147012,
    "support": 619
  }
}